{"cameraMode":{"drawMode":0,"name":"Shaded","section":"Shading Mode"},"sceneLighting":true,"audioPlay":false,"sceneViewState":{"showFog":true,"showMaterialUpdate":false,"showSkybox":true,"showFlares":true,"showImageEffects":true,"showParticleSystems":true},"in2DMode":false,"pivot":{"x":-3.6700000762939455,"y":0.4999999701976776,"z":-0.003000020980834961},"rotation":{"x":-0.10382384061813355,"y":0.8885015845298767,"z":-0.24812452495098115,"w":-0.37177932262420657},"size":14.533449172973633,"orthographic":false}